{"cameraMode":{"drawMode":0,"name":"Shaded","section":"Shading Mode"},"sceneLighting":true,"audioPlay":false,"sceneViewState":{"m_AlwaysRefresh":false,"showFog":true,"showSkybox":true,"showFlares":true,"showImageEffects":true,"showParticleSystems":true,"showVisualEffectGraphs":true,"m_FxEnabled":true},"in2DMode":false,"pivot":{"x":10.456636428833008,"y":0.08409738540649414,"z":4.1258344650268559},"rotation":{"x":-0.15859949588775636,"y":-0.31407007575035097,"z":0.05403510108590126,"w":-0.9347176551818848},"size":7.071067810058594,"orthographic":false}