{"cameraMode":{"drawMode":0,"name":"Shaded","section":"Shading Mode"},"sceneLighting":true,"audioPlay":false,"sceneViewState":{"m_AlwaysRefresh":false,"showFog":true,"showSkybox":true,"showFlares":true,"showImageEffects":true,"showParticleSystems":true,"showVisualEffectGraphs":true,"m_FxEnabled":true},"in2DMode":false,"pivot":{"x":-2.8110246658325197,"y":1.6911110877990723,"z":1.590036392211914},"rotation":{"x":0.21311542391777039,"y":-0.7395526170730591,"z":0.2730693519115448,"w":0.5771656632423401},"size":0.6009888052940369,"orthographic":false}